<annotation>
	<folder>train_2</folder>
	<filename>real_00100.jpg</filename>
	<path>C:\Users\HOGAR (JOSE)\Desktop\U\2021-2\Aprendizaje automático de Maquinas\Tareas\Proyecto II final\Donde estan los ojos\train_2\real_00100.jpg</path>
	<source>
		<database>Unknown</database>
	</source>
	<size>
		<width>600</width>
		<height>600</height>
		<depth>3</depth>
	</size>
	<segmented>0</segmented>
	<object>
		<name>ojos</name>
		<pose>Unspecified</pose>
		<truncated>0</truncated>
		<difficult>0</difficult>
		<bndbox>
			<xmin>109</xmin>
			<ymin>190</ymin>
			<xmax>444</xmax>
			<ymax>318</ymax>
		</bndbox>
	</object>
</annotation>
