<annotation>
	<folder>train</folder>
	<filename>real_00061.jpg</filename>
	<path>C:\Users\gianc\OneDrive\Documentos\Universidad_Rosario\Aprendizaje_automatico_maquina\Donde estan los ojos\train\real_00061.jpg</path>
	<source>
		<database>Unknown</database>
	</source>
	<size>
		<width>600</width>
		<height>600</height>
		<depth>3</depth>
	</size>
	<segmented>0</segmented>
	<object>
		<name>ojos</name>
		<pose>Unspecified</pose>
		<truncated>0</truncated>
		<difficult>0</difficult>
		<bndbox>
			<xmin>101</xmin>
			<ymin>107</ymin>
			<xmax>495</xmax>
			<ymax>245</ymax>
		</bndbox>
	</object>
</annotation>
